image_stem,project,split,reading_gt,cluster_id,reading_group_id,relative_path,fixed_at
src_003_20260818_110000,meter_src003,test,0257739,src_003_C000,src_003_C000,raw/images/src_003_20260818_110000.jpg,2026-09-14
src_003_20260818_111000,meter_src003,test,0257743,src_003_C000,src_003_C000,raw/images/src_003_20260818_111000.jpg,2026-09-14
src_003_20260818_112000,meter_src003,test,0257748,src_003_C000,src_003_C000,raw/images/src_003_20260818_112000.jpg,2026-09-14
src_003_20260818_115000,meter_src003,test,0257762,src_003_C000,src_003_C000,raw/images/src_003_20260818_115000.jpg,2026-09-14
src_003_20260818_115100,meter_src003,val,0257763,src_003_C001,src_003_C001,raw/images/src_003_20260818_115100.jpg,2026-09-14
src_003_20260818_115200,meter_src003,val,0257763,src_003_C001,src_003_C001,raw/images/src_003_20260818_115200.jpg,2026-09-14
src_003_20260818_115400,meter_src003,val,0257764,src_003_C001,src_003_C001,raw/images/src_003_20260818_115400.jpg,2026-09-14
src_003_20260818_115600,meter_src003,test,0257765,src_003_C002,src_003_C002,raw/images/src_003_20260818_115600.jpg,2026-09-14
src_003_20260818_120000,meter_src003,test,0257766,src_003_C002,src_003_C002,raw/images/src_003_20260818_120000.jpg,2026-09-14
src_003_20260818_120200,meter_src003,test,0257768,src_003_C002,src_003_C002,raw/images/src_003_20260818_120200.jpg,2026-09-14
src_003_20260818_120400,meter_src003,test,0257769,src_003_C002,src_003_C002,raw/images/src_003_20260818_120400.jpg,2026-09-14
src_003_20260818_120600,meter_src003,test,0257769,src_003_C003,src_003_C002,raw/images/src_003_20260818_120600.jpg,2026-09-14
src_003_20260818_120800,meter_src003,test,0257770,src_003_C003,src_003_C002,raw/images/src_003_20260818_120800.jpg,2026-09-14
src_003_20260818_121000,meter_src003,train,0257771,src_003_C004,src_003_C004,raw/images/src_003_20260818_121000.jpg,2026-09-14
src_003_20260818_121800,meter_src003,train,0257775,src_003_C004,src_003_C004,raw/images/src_003_20260818_121800.jpg,2026-09-14
src_003_20260818_122000,meter_src003,val,0257776,src_003_C005,src_003_C005,raw/images/src_003_20260818_122000.jpg,2026-09-14
src_003_20260818_122200,meter_src003,test,0257777,src_003_C006,src_003_C006,raw/images/src_003_20260818_122200.jpg,2026-09-14
src_003_20260818_122400,meter_src003,test,0257778,src_003_C006,src_003_C006,raw/images/src_003_20260818_122400.jpg,2026-09-14
src_003_20260818_122600,meter_src003,test,0257779,src_003_C006,src_003_C006,raw/images/src_003_20260818_122600.jpg,2026-09-14
src_003_20260818_122800,meter_src003,test,0257779,src_003_C007,src_003_C006,raw/images/src_003_20260818_122800.jpg,2026-09-14
src_003_20260818_123000,meter_src003,test,0257780,src_003_C007,src_003_C006,raw/images/src_003_20260818_123000.jpg,2026-09-14
src_003_20260818_123200,meter_src003,test,0257781,src_003_C008,src_003_C008,raw/images/src_003_20260818_123200.jpg,2026-09-14
src_003_20260818_123400,meter_src003,test,0257782,src_003_C008,src_003_C008,raw/images/src_003_20260818_123400.jpg,2026-09-14
src_003_20260818_123600,meter_src003,test,0257783,src_003_C008,src_003_C008,raw/images/src_003_20260818_123600.jpg,2026-09-14
src_003_20260818_123800,meter_src003,test,0257784,src_003_C008,src_003_C008,raw/images/src_003_20260818_123800.jpg,2026-09-14
src_003_20260818_124000,meter_src003,test,0257784,src_003_C008,src_003_C008,raw/images/src_003_20260818_124000.jpg,2026-09-14
src_003_20260818_124200,meter_src003,test,0257785,src_003_C008,src_003_C008,raw/images/src_003_20260818_124200.jpg,2026-09-14
src_003_20260818_124400,meter_src003,test,0257787,src_003_C008,src_003_C008,raw/images/src_003_20260818_124400.jpg,2026-09-14
src_003_20260818_124600,meter_src003,test,0257788,src_003_C008,src_003_C008,raw/images/src_003_20260818_124600.jpg,2026-09-14
src_003_20260818_124800,meter_src003,train,0257789,src_003_C009,src_003_C009,raw/images/src_003_20260818_124800.jpg,2026-09-14
src_003_20260818_125000,meter_src003,train,0257789,src_003_C009,src_003_C009,raw/images/src_003_20260818_125000.jpg,2026-09-14
src_003_20260818_125200,meter_src003,train,0257790,src_003_C009,src_003_C009,raw/images/src_003_20260818_125200.jpg,2026-09-14
src_003_20260818_125400,meter_src003,train,0257791,src_003_C009,src_003_C009,raw/images/src_003_20260818_125400.jpg,2026-09-14
src_003_20260818_125600,meter_src003,train,0257792,src_003_C009,src_003_C009,raw/images/src_003_20260818_125600.jpg,2026-09-14
src_003_20260818_125800,meter_src003,test,0257793,src_003_C010,src_003_C010,raw/images/src_003_20260818_125800.jpg,2026-09-14
src_003_20260818_130000,meter_src003,val,0257794,src_003_C011,src_003_C011,raw/images/src_003_20260818_130000.jpg,2026-09-14
src_003_20260818_130200,meter_src003,train,0257795,src_003_C012,src_003_C012,raw/images/src_003_20260818_130200.jpg,2026-09-14
src_003_20260818_130400,meter_src003,train,0257796,src_003_C012,src_003_C012,raw/images/src_003_20260818_130400.jpg,2026-09-14
src_003_20260818_130600,meter_src003,train,0257797,src_003_C012,src_003_C012,raw/images/src_003_20260818_130600.jpg,2026-09-14
src_003_20260818_130800,meter_src003,train,0257798,src_003_C012,src_003_C012,raw/images/src_003_20260818_130800.jpg,2026-09-14
src_003_20260818_131000,meter_src003,train,0257799,src_003_C012,src_003_C012,raw/images/src_003_20260818_131000.jpg,2026-09-14
src_003_20260818_131200,meter_src003,train,0257800,src_003_C012,src_003_C012,raw/images/src_003_20260818_131200.jpg,2026-09-14
src_003_20260818_131400,meter_src003,train,0257801,src_003_C012,src_003_C012,raw/images/src_003_20260818_131400.jpg,2026-09-14
src_003_20260818_131600,meter_src003,train,0257802,src_003_C012,src_003_C012,raw/images/src_003_20260818_131600.jpg,2026-09-14
src_003_20260818_131800,meter_src003,train,0257803,src_003_C012,src_003_C012,raw/images/src_003_20260818_131800.jpg,2026-09-14
src_003_20260818_132000,meter_src003,train,0257804,src_003_C012,src_003_C012,raw/images/src_003_20260818_132000.jpg,2026-09-14
src_003_20260818_132200,meter_src003,val,0257805,src_003_C013,src_003_C013,raw/images/src_003_20260818_132200.jpg,2026-09-14
src_003_20260818_132400,meter_src003,val,0257806,src_003_C013,src_003_C013,raw/images/src_003_20260818_132400.jpg,2026-09-14
src_003_20260818_132600,meter_src003,val,0257807,src_003_C013,src_003_C013,raw/images/src_003_20260818_132600.jpg,2026-09-14
src_003_20260818_132800,meter_src003,val,0257808,src_003_C014,src_003_C014,raw/images/src_003_20260818_132800.jpg,2026-09-14
src_003_20260818_133000,meter_src003,val,0257809,src_003_C014,src_003_C014,raw/images/src_003_20260818_133000.jpg,2026-09-14
src_003_20260818_133200,meter_src003,val,0257810,src_003_C014,src_003_C014,raw/images/src_003_20260818_133200.jpg,2026-09-14
src_003_20260818_133400,meter_src003,val,0257810,src_003_C014,src_003_C014,raw/images/src_003_20260818_133400.jpg,2026-09-14
src_003_20260818_133600,meter_src003,val,0257811,src_003_C014,src_003_C014,raw/images/src_003_20260818_133600.jpg,2026-09-14
src_003_20260818_133800,meter_src003,val,0257813,src_003_C014,src_003_C014,raw/images/src_003_20260818_133800.jpg,2026-09-14
src_003_20260818_134000,meter_src003,val,0257814,src_003_C014,src_003_C014,raw/images/src_003_20260818_134000.jpg,2026-09-14
src_003_20260818_134200,meter_src003,val,0257815,src_003_C014,src_003_C014,raw/images/src_003_20260818_134200.jpg,2026-09-14
src_003_20260818_134400,meter_src003,val,0257816,src_003_C014,src_003_C014,raw/images/src_003_20260818_134400.jpg,2026-09-14
src_003_20260818_134600,meter_src003,val,0257817,src_003_C014,src_003_C014,raw/images/src_003_20260818_134600.jpg,2026-09-14
src_003_20260818_134800,meter_src003,val,0257818,src_003_C014,src_003_C014,raw/images/src_003_20260818_134800.jpg,2026-09-14
src_003_20260818_135000,meter_src003,val,0257819,src_003_C014,src_003_C014,raw/images/src_003_20260818_135000.jpg,2026-09-14
src_003_20260818_135200,meter_src003,val,0257820,src_003_C014,src_003_C014,raw/images/src_003_20260818_135200.jpg,2026-09-14
src_003_20260818_135400,meter_src003,val,0257821,src_003_C014,src_003_C014,raw/images/src_003_20260818_135400.jpg,2026-09-14
src_003_20260818_135600,meter_src003,val,0257822,src_003_C014,src_003_C014,raw/images/src_003_20260818_135600.jpg,2026-09-14
src_003_20260818_135800,meter_src003,val,0257823,src_003_C014,src_003_C014,raw/images/src_003_20260818_135800.jpg,2026-09-14
src_003_20260818_140000,meter_src003,val,0257824,src_003_C014,src_003_C014,raw/images/src_003_20260818_140000.jpg,2026-09-14
src_003_20260818_140200,meter_src003,val,0257825,src_003_C014,src_003_C014,raw/images/src_003_20260818_140200.jpg,2026-09-14
src_003_20260818_140400,meter_src003,val,0257826,src_003_C014,src_003_C014,raw/images/src_003_20260818_140400.jpg,2026-09-14
src_003_20260818_140600,meter_src003,val,0257827,src_003_C014,src_003_C014,raw/images/src_003_20260818_140600.jpg,2026-09-14
src_003_20260818_140800,meter_src003,val,0257828,src_003_C014,src_003_C014,raw/images/src_003_20260818_140800.jpg,2026-09-14
src_003_20260818_141000,meter_src003,val,0257829,src_003_C014,src_003_C014,raw/images/src_003_20260818_141000.jpg,2026-09-14
src_003_20260818_141200,meter_src003,val,0257830,src_003_C014,src_003_C014,raw/images/src_003_20260818_141200.jpg,2026-09-14
src_003_20260818_141400,meter_src003,val,0257831,src_003_C014,src_003_C014,raw/images/src_003_20260818_141400.jpg,2026-09-14
src_003_20260818_141600,meter_src003,val,0257831,src_003_C014,src_003_C014,raw/images/src_003_20260818_141600.jpg,2026-09-14
src_003_20260818_141800,meter_src003,test,0257832,src_003_C015,src_003_C015,raw/images/src_003_20260818_141800.jpg,2026-09-14
src_003_20260818_142000,meter_src003,val,0257833,src_003_C016,src_003_C016,raw/images/src_003_20260818_142000.jpg,2026-09-14
src_003_20260818_142200,meter_src003,val,0257834,src_003_C016,src_003_C016,raw/images/src_003_20260818_142200.jpg,2026-09-14
src_003_20260818_142400,meter_src003,val,0257835,src_003_C016,src_003_C016,raw/images/src_003_20260818_142400.jpg,2026-09-14
src_003_20260818_142600,meter_src003,val,0257837,src_003_C016,src_003_C016,raw/images/src_003_20260818_142600.jpg,2026-09-14
src_003_20260818_142800,meter_src003,val,0257837,src_003_C016,src_003_C016,raw/images/src_003_20260818_142800.jpg,2026-09-14
src_003_20260818_143000,meter_src003,val,0257838,src_003_C016,src_003_C016,raw/images/src_003_20260818_143000.jpg,2026-09-14
src_003_20260818_143200,meter_src003,val,0257839,src_003_C016,src_003_C016,raw/images/src_003_20260818_143200.jpg,2026-09-14
src_003_20260818_143400,meter_src003,val,0257840,src_003_C016,src_003_C016,raw/images/src_003_20260818_143400.jpg,2026-09-14
src_003_20260818_143600,meter_src003,val,0257841,src_003_C016,src_003_C016,raw/images/src_003_20260818_143600.jpg,2026-09-14
src_003_20260818_143800,meter_src003,val,0257842,src_003_C016,src_003_C016,raw/images/src_003_20260818_143800.jpg,2026-09-14
src_003_20260818_144000,meter_src003,val,0257843,src_003_C016,src_003_C016,raw/images/src_003_20260818_144000.jpg,2026-09-14
src_003_20260818_144200,meter_src003,val,0257844,src_003_C016,src_003_C016,raw/images/src_003_20260818_144200.jpg,2026-09-14
src_003_20260818_144400,meter_src003,val,0257845,src_003_C016,src_003_C016,raw/images/src_003_20260818_144400.jpg,2026-09-14
src_003_20260818_144600,meter_src003,val,0257846,src_003_C016,src_003_C016,raw/images/src_003_20260818_144600.jpg,2026-09-14
src_003_20260818_144800,meter_src003,val,0257847,src_003_C016,src_003_C016,raw/images/src_003_20260818_144800.jpg,2026-09-14
src_003_20260818_145000,meter_src003,val,0257849,src_003_C016,src_003_C016,raw/images/src_003_20260818_145000.jpg,2026-09-14
src_003_20260818_145200,meter_src003,val,0257850,src_003_C016,src_003_C016,raw/images/src_003_20260818_145200.jpg,2026-09-14
src_003_20260818_145400,meter_src003,val,0257850,src_003_C016,src_003_C016,raw/images/src_003_20260818_145400.jpg,2026-09-14
src_003_20260818_145600,meter_src003,val,0257851,src_003_C016,src_003_C016,raw/images/src_003_20260818_145600.jpg,2026-09-14
src_003_20260818_145800,meter_src003,val,0257852,src_003_C016,src_003_C016,raw/images/src_003_20260818_145800.jpg,2026-09-14
src_003_20260818_150000,meter_src003,val,0257853,src_003_C016,src_003_C016,raw/images/src_003_20260818_150000.jpg,2026-09-14
src_003_20260818_150200,meter_src003,test,0257854,src_003_C017,src_003_C017,raw/images/src_003_20260818_150200.jpg,2026-09-14
src_003_20260818_150400,meter_src003,test,0257855,src_003_C017,src_003_C017,raw/images/src_003_20260818_150400.jpg,2026-09-14
src_003_20260818_150600,meter_src003,test,0257856,src_003_C017,src_003_C017,raw/images/src_003_20260818_150600.jpg,2026-09-14
src_003_20260818_150800,meter_src003,train,0257857,src_003_C018,src_003_C018,raw/images/src_003_20260818_150800.jpg,2026-09-14
src_003_20260818_151000,meter_src003,test,0257858,src_003_C019,src_003_C019,raw/images/src_003_20260818_151000.jpg,2026-09-14
src_003_20260818_151200,meter_src003,test,0257860,src_003_C019,src_003_C019,raw/images/src_003_20260818_151200.jpg,2026-09-14
src_003_20260818_151600,meter_src003,test,0257861,src_003_C019,src_003_C019,raw/images/src_003_20260818_151600.jpg,2026-09-14
src_003_20260818_151800,meter_src003,test,0257862,src_003_C019,src_003_C019,raw/images/src_003_20260818_151800.jpg,2026-09-14
src_003_20260818_152000,meter_src003,test,0257863,src_003_C019,src_003_C019,raw/images/src_003_20260818_152000.jpg,2026-09-14
src_003_20260818_152200,meter_src003,test,0257864,src_003_C019,src_003_C019,raw/images/src_003_20260818_152200.jpg,2026-09-14
src_003_20260818_152400,meter_src003,test,0257865,src_003_C019,src_003_C019,raw/images/src_003_20260818_152400.jpg,2026-09-14
src_003_20260818_152600,meter_src003,test,0257866,src_003_C019,src_003_C019,raw/images/src_003_20260818_152600.jpg,2026-09-14
src_003_20260818_152800,meter_src003,test,0257867,src_003_C019,src_003_C019,raw/images/src_003_20260818_152800.jpg,2026-09-14
src_003_20260818_153000,meter_src003,test,0257868,src_003_C019,src_003_C019,raw/images/src_003_20260818_153000.jpg,2026-09-14
src_003_20260818_153200,meter_src003,test,0257869,src_003_C019,src_003_C019,raw/images/src_003_20260818_153200.jpg,2026-09-14
src_003_20260818_153400,meter_src003,test,0257870,src_003_C019,src_003_C019,raw/images/src_003_20260818_153400.jpg,2026-09-14
src_003_20260818_153600,meter_src003,test,0257871,src_003_C019,src_003_C019,raw/images/src_003_20260818_153600.jpg,2026-09-14
src_003_20260818_153800,meter_src003,test,0257872,src_003_C019,src_003_C019,raw/images/src_003_20260818_153800.jpg,2026-09-14
src_003_20260818_154000,meter_src003,test,0257873,src_003_C019,src_003_C019,raw/images/src_003_20260818_154000.jpg,2026-09-14
src_003_20260818_154200,meter_src003,test,0257874,src_003_C019,src_003_C019,raw/images/src_003_20260818_154200.jpg,2026-09-14
src_003_20260818_154400,meter_src003,train,0257875,src_003_C020,src_003_C020,raw/images/src_003_20260818_154400.jpg,2026-09-14
src_003_20260818_154600,meter_src003,train,0257876,src_003_C020,src_003_C020,raw/images/src_003_20260818_154600.jpg,2026-09-14
src_003_20260818_154800,meter_src003,train,0257877,src_003_C020,src_003_C020,raw/images/src_003_20260818_154800.jpg,2026-09-14
src_003_20260818_155000,meter_src003,train,0257878,src_003_C020,src_003_C020,raw/images/src_003_20260818_155000.jpg,2026-09-14
src_003_20260818_155200,meter_src003,train,0257879,src_003_C020,src_003_C020,raw/images/src_003_20260818_155200.jpg,2026-09-14
src_003_20260818_155400,meter_src003,train,0257880,src_003_C020,src_003_C020,raw/images/src_003_20260818_155400.jpg,2026-09-14
src_003_20260818_155600,meter_src003,train,0257881,src_003_C020,src_003_C020,raw/images/src_003_20260818_155600.jpg,2026-09-14
src_003_20260818_155800,meter_src003,train,0257882,src_003_C020,src_003_C020,raw/images/src_003_20260818_155800.jpg,2026-09-14
src_003_20260818_160000,meter_src003,train,0257883,src_003_C020,src_003_C020,raw/images/src_003_20260818_160000.jpg,2026-09-14
src_003_20260818_160200,meter_src003,train,0257884,src_003_C020,src_003_C020,raw/images/src_003_20260818_160200.jpg,2026-09-14
src_003_20260818_160400,meter_src003,train,0257885,src_003_C020,src_003_C020,raw/images/src_003_20260818_160400.jpg,2026-09-14
src_003_20260818_160600,meter_src003,train,0257886,src_003_C020,src_003_C020,raw/images/src_003_20260818_160600.jpg,2026-09-14
src_003_20260818_160800,meter_src003,train,0257887,src_003_C020,src_003_C020,raw/images/src_003_20260818_160800.jpg,2026-09-14
src_003_20260818_161000,meter_src003,train,0257888,src_003_C020,src_003_C020,raw/images/src_003_20260818_161000.jpg,2026-09-14
src_003_20260818_161200,meter_src003,train,0257889,src_003_C020,src_003_C020,raw/images/src_003_20260818_161200.jpg,2026-09-14
src_003_20260818_161400,meter_src003,train,0257890,src_003_C020,src_003_C020,raw/images/src_003_20260818_161400.jpg,2026-09-14
src_003_20260818_161600,meter_src003,train,0257891,src_003_C020,src_003_C020,raw/images/src_003_20260818_161600.jpg,2026-09-14
src_003_20260818_161800,meter_src003,train,0257892,src_003_C020,src_003_C020,raw/images/src_003_20260818_161800.jpg,2026-09-14
src_003_20260818_162000,meter_src003,train,0257893,src_003_C020,src_003_C020,raw/images/src_003_20260818_162000.jpg,2026-09-14
src_003_20260818_162200,meter_src003,train,0257893,src_003_C020,src_003_C020,raw/images/src_003_20260818_162200.jpg,2026-09-14
src_003_20260818_162400,meter_src003,train,0257894,src_003_C020,src_003_C020,raw/images/src_003_20260818_162400.jpg,2026-09-14
src_003_20260818_162600,meter_src003,train,0257896,src_003_C020,src_003_C020,raw/images/src_003_20260818_162600.jpg,2026-09-14
src_003_20260818_162800,meter_src003,train,0257897,src_003_C020,src_003_C020,raw/images/src_003_20260818_162800.jpg,2026-09-14
src_003_20260818_163000,meter_src003,train,0257898,src_003_C020,src_003_C020,raw/images/src_003_20260818_163000.jpg,2026-09-14
src_003_20260818_163200,meter_src003,train,0257899,src_003_C020,src_003_C020,raw/images/src_003_20260818_163200.jpg,2026-09-14
src_003_20260818_163400,meter_src003,train,0257900,src_003_C020,src_003_C020,raw/images/src_003_20260818_163400.jpg,2026-09-14
src_003_20260818_163600,meter_src003,train,0257901,src_003_C020,src_003_C020,raw/images/src_003_20260818_163600.jpg,2026-09-14
src_003_20260818_163800,meter_src003,train,0257902,src_003_C020,src_003_C020,raw/images/src_003_20260818_163800.jpg,2026-09-14
src_003_20260818_164000,meter_src003,train,0257903,src_003_C020,src_003_C020,raw/images/src_003_20260818_164000.jpg,2026-09-14
src_003_20260818_164200,meter_src003,train,0257904,src_003_C020,src_003_C020,raw/images/src_003_20260818_164200.jpg,2026-09-14
src_003_20260818_164400,meter_src003,train,0257905,src_003_C020,src_003_C020,raw/images/src_003_20260818_164400.jpg,2026-09-14
src_003_20260818_164600,meter_src003,train,0257905,src_003_C020,src_003_C020,raw/images/src_003_20260818_164600.jpg,2026-09-14
src_003_20260818_164800,meter_src003,train,0257907,src_003_C020,src_003_C020,raw/images/src_003_20260818_164800.jpg,2026-09-14
src_003_20260818_165000,meter_src003,train,0257908,src_003_C020,src_003_C020,raw/images/src_003_20260818_165000.jpg,2026-09-14
src_003_20260818_165200,meter_src003,train,0257909,src_003_C020,src_003_C020,raw/images/src_003_20260818_165200.jpg,2026-09-14
src_003_20260818_165400,meter_src003,train,0257909,src_003_C020,src_003_C020,raw/images/src_003_20260818_165400.jpg,2026-09-14
src_003_20260818_165600,meter_src003,train,0257910,src_003_C020,src_003_C020,raw/images/src_003_20260818_165600.jpg,2026-09-14
src_003_20260818_165800,meter_src003,train,0257911,src_003_C020,src_003_C020,raw/images/src_003_20260818_165800.jpg,2026-09-14
src_003_20260818_170000,meter_src003,train,0257912,src_003_C020,src_003_C020,raw/images/src_003_20260818_170000.jpg,2026-09-14
src_003_20260818_170200,meter_src003,train,0257913,src_003_C020,src_003_C020,raw/images/src_003_20260818_170200.jpg,2026-09-14
src_003_20260818_170400,meter_src003,train,0257914,src_003_C020,src_003_C020,raw/images/src_003_20260818_170400.jpg,2026-09-14
src_003_20260818_170600,meter_src003,train,0257915,src_003_C020,src_003_C020,raw/images/src_003_20260818_170600.jpg,2026-09-14
src_003_20260818_170800,meter_src003,train,0257916,src_003_C020,src_003_C020,raw/images/src_003_20260818_170800.jpg,2026-09-14
src_003_20260818_171000,meter_src003,train,0257917,src_003_C020,src_003_C020,raw/images/src_003_20260818_171000.jpg,2026-09-14
src_003_20260818_171200,meter_src003,train,0257918,src_003_C020,src_003_C020,raw/images/src_003_20260818_171200.jpg,2026-09-14
src_003_20260818_171500,meter_src003,train,0257919,src_003_C021,src_003_C021,raw/images/src_003_20260818_171500.jpg,2026-09-14
src_003_20260818_172000,meter_src003,train,0257922,src_003_C021,src_003_C021,raw/images/src_003_20260818_172000.jpg,2026-09-14
src_003_20260819_143000,meter_src003,val,0258187,src_003_C022,src_003_C022,raw/images/src_003_20260819_143000.jpg,2026-09-14
src_003_20260819_143500,meter_src003,val,0258190,src_003_C022,src_003_C022,raw/images/src_003_20260819_143500.jpg,2026-09-14
src_003_20260819_144000,meter_src003,val,0258192,src_003_C022,src_003_C022,raw/images/src_003_20260819_144000.jpg,2026-09-14
src_003_20260819_144500,meter_src003,val,0258194,src_003_C022,src_003_C022,raw/images/src_003_20260819_144500.jpg,2026-09-14
src_003_20260819_145000,meter_src003,val,0258197,src_003_C022,src_003_C022,raw/images/src_003_20260819_145000.jpg,2026-09-14
src_003_20260819_145500,meter_src003,val,0258199,src_003_C022,src_003_C022,raw/images/src_003_20260819_145500.jpg,2026-09-14
src_003_20260819_150000,meter_src003,val,0258202,src_003_C022,src_003_C022,raw/images/src_003_20260819_150000.jpg,2026-09-14
src_003_20260819_150500,meter_src003,val,0258204,src_003_C022,src_003_C022,raw/images/src_003_20260819_150500.jpg,2026-09-14
src_003_20260819_151000,meter_src003,train,0258207,src_003_C023,src_003_C023,raw/images/src_003_20260819_151000.jpg,2026-09-14
src_003_20260819_151500,meter_src003,train,0258209,src_003_C023,src_003_C023,raw/images/src_003_20260819_151500.jpg,2026-09-14
src_003_20260819_152000,meter_src003,train,0258211,src_003_C023,src_003_C023,raw/images/src_003_20260819_152000.jpg,2026-09-14
src_003_20260819_152500,meter_src003,train,0258214,src_003_C023,src_003_C023,raw/images/src_003_20260819_152500.jpg,2026-09-14
src_003_20260819_153000,meter_src003,train,0258216,src_003_C023,src_003_C023,raw/images/src_003_20260819_153000.jpg,2026-09-14
src_003_20260819_153500,meter_src003,train,0258219,src_003_C023,src_003_C023,raw/images/src_003_20260819_153500.jpg,2026-09-14
src_003_20260819_154000,meter_src003,train,0258221,src_003_C023,src_003_C023,raw/images/src_003_20260819_154000.jpg,2026-09-14
src_003_20260819_154500,meter_src003,val,0258224,src_003_C024,src_003_C024,raw/images/src_003_20260819_154500.jpg,2026-09-14
src_003_20260819_155000,meter_src003,val,0258226,src_003_C024,src_003_C024,raw/images/src_003_20260819_155000.jpg,2026-09-14
src_003_20260819_155500,meter_src003,val,0258228,src_003_C024,src_003_C024,raw/images/src_003_20260819_155500.jpg,2026-09-14
src_003_20260819_160000,meter_src003,val,0258231,src_003_C024,src_003_C024,raw/images/src_003_20260819_160000.jpg,2026-09-14
src_003_20260819_160500,meter_src003,val,0258233,src_003_C024,src_003_C024,raw/images/src_003_20260819_160500.jpg,2026-09-14
src_003_20260819_161000,meter_src003,val,0258236,src_003_C024,src_003_C024,raw/images/src_003_20260819_161000.jpg,2026-09-14
src_003_20260819_161500,meter_src003,val,0258238,src_003_C024,src_003_C024,raw/images/src_003_20260819_161500.jpg,2026-09-14
src_003_20260819_162000,meter_src003,val,0258241,src_003_C024,src_003_C024,raw/images/src_003_20260819_162000.jpg,2026-09-14
src_003_20260819_162500,meter_src003,val,0258243,src_003_C024,src_003_C024,raw/images/src_003_20260819_162500.jpg,2026-09-14
src_003_20260901_133200,meter_src003,train,0261503,src_003_C025,src_003_C025,raw/images/src_003_20260901_133200.jpg,2026-09-14
src_003_20260901_133600,meter_src003,train,0261505,src_003_C025,src_003_C025,raw/images/src_003_20260901_133600.jpg,2026-09-14
src_003_20260901_134000,meter_src003,train,0261507,src_003_C025,src_003_C025,raw/images/src_003_20260901_134000.jpg,2026-09-14
src_003_20260901_134400,meter_src003,train,0261510,src_003_C025,src_003_C025,raw/images/src_003_20260901_134400.jpg,2026-09-14
src_003_20260901_134800,meter_src003,train,0261512,src_003_C025,src_003_C025,raw/images/src_003_20260901_134800.jpg,2026-09-14
src_003_20260901_135200,meter_src003,train,0261514,src_003_C025,src_003_C025,raw/images/src_003_20260901_135200.jpg,2026-09-14
src_003_20260901_135600,meter_src003,train,0261517,src_003_C025,src_003_C025,raw/images/src_003_20260901_135600.jpg,2026-09-14
src_003_20260901_140000,meter_src003,train,0261519,src_003_C025,src_003_C025,raw/images/src_003_20260901_140000.jpg,2026-09-14
src_003_20260901_140400,meter_src003,train,0261521,src_003_C025,src_003_C025,raw/images/src_003_20260901_140400.jpg,2026-09-14
src_003_20260901_140800,meter_src003,train,0261523,src_003_C025,src_003_C025,raw/images/src_003_20260901_140800.jpg,2026-09-14
src_003_20260901_141200,meter_src003,train,0261525,src_003_C025,src_003_C025,raw/images/src_003_20260901_141200.jpg,2026-09-14
src_003_20260901_141600,meter_src003,train,0261527,src_003_C025,src_003_C025,raw/images/src_003_20260901_141600.jpg,2026-09-14
src_003_20260901_142000,meter_src003,train,0261529,src_003_C025,src_003_C025,raw/images/src_003_20260901_142000.jpg,2026-09-14
src_003_20260901_142400,meter_src003,train,0261531,src_003_C025,src_003_C025,raw/images/src_003_20260901_142400.jpg,2026-09-14
src_003_20260901_142800,meter_src003,train,0261534,src_003_C025,src_003_C025,raw/images/src_003_20260901_142800.jpg,2026-09-14
src_003_20260901_143200,meter_src003,train,0261536,src_003_C025,src_003_C025,raw/images/src_003_20260901_143200.jpg,2026-09-14
src_003_20260901_143600,meter_src003,train,0261538,src_003_C025,src_003_C025,raw/images/src_003_20260901_143600.jpg,2026-09-14
src_003_20260901_144000,meter_src003,train,0261540,src_003_C025,src_003_C025,raw/images/src_003_20260901_144000.jpg,2026-09-14
src_003_20260901_144400,meter_src003,train,0261542,src_003_C025,src_003_C025,raw/images/src_003_20260901_144400.jpg,2026-09-14
src_003_20260901_144800,meter_src003,train,0261544,src_003_C025,src_003_C025,raw/images/src_003_20260901_144800.jpg,2026-09-14
src_003_20260901_145200,meter_src003,train,0261546,src_003_C025,src_003_C025,raw/images/src_003_20260901_145200.jpg,2026-09-14
src_003_20260901_145600,meter_src003,train,0261548,src_003_C025,src_003_C025,raw/images/src_003_20260901_145600.jpg,2026-09-14
src_003_20260901_150000,meter_src003,train,0261551,src_003_C025,src_003_C025,raw/images/src_003_20260901_150000.jpg,2026-09-14
src_003_20260901_150400,meter_src003,train,0261553,src_003_C025,src_003_C025,raw/images/src_003_20260901_150400.jpg,2026-09-14
src_003_20260901_150800,meter_src003,train,0261555,src_003_C025,src_003_C025,raw/images/src_003_20260901_150800.jpg,2026-09-14
src_003_20260901_151200,meter_src003,train,0261557,src_003_C025,src_003_C025,raw/images/src_003_20260901_151200.jpg,2026-09-14
src_003_20260901_151600,meter_src003,train,0261559,src_003_C025,src_003_C025,raw/images/src_003_20260901_151600.jpg,2026-09-14
src_003_20260901_152000,meter_src003,train,0261561,src_003_C025,src_003_C025,raw/images/src_003_20260901_152000.jpg,2026-09-14
src_003_20260901_152400,meter_src003,train,0261563,src_003_C025,src_003_C025,raw/images/src_003_20260901_152400.jpg,2026-09-14
src_003_20260901_152800,meter_src003,train,0261566,src_003_C025,src_003_C025,raw/images/src_003_20260901_152800.jpg,2026-09-14
src_003_20260901_153200,meter_src003,train,0261568,src_003_C025,src_003_C025,raw/images/src_003_20260901_153200.jpg,2026-09-14
src_003_20260901_153600,meter_src003,train,0261570,src_003_C025,src_003_C025,raw/images/src_003_20260901_153600.jpg,2026-09-14
src_003_20260901_154000,meter_src003,train,0261572,src_003_C025,src_003_C025,raw/images/src_003_20260901_154000.jpg,2026-09-14
src_003_20260901_154400,meter_src003,train,0261574,src_003_C025,src_003_C025,raw/images/src_003_20260901_154400.jpg,2026-09-14
src_003_20260901_154800,meter_src003,train,0261576,src_003_C025,src_003_C025,raw/images/src_003_20260901_154800.jpg,2026-09-14
src_003_20260901_155200,meter_src003,val,0261578,src_003_C026,src_003_C026,raw/images/src_003_20260901_155200.jpg,2026-09-14
src_003_20260901_155600,meter_src003,train,0261580,src_003_C027,src_003_C027,raw/images/src_003_20260901_155600.jpg,2026-09-14
src_003_20260901_160000,meter_src003,train,0261582,src_003_C027,src_003_C027,raw/images/src_003_20260901_160000.jpg,2026-09-14
src_003_20260901_160400,meter_src003,train,0261585,src_003_C027,src_003_C027,raw/images/src_003_20260901_160400.jpg,2026-09-14
src_003_20260901_160800,meter_src003,train,0261587,src_003_C027,src_003_C027,raw/images/src_003_20260901_160800.jpg,2026-09-14
src_003_20260901_161600,meter_src003,train,0261591,src_003_C027,src_003_C027,raw/images/src_003_20260901_161600.jpg,2026-09-14
src_003_20260901_162000,meter_src003,train,0261593,src_003_C027,src_003_C027,raw/images/src_003_20260901_162000.jpg,2026-09-14
src_003_20260901_162400,meter_src003,train,0261595,src_003_C027,src_003_C027,raw/images/src_003_20260901_162400.jpg,2026-09-14
src_003_20260901_162800,meter_src003,train,0261597,src_003_C027,src_003_C027,raw/images/src_003_20260901_162800.jpg,2026-09-14
src_003_20260901_163200,meter_src003,train,0261599,src_003_C027,src_003_C027,raw/images/src_003_20260901_163200.jpg,2026-09-14
src_003_20260901_164000,meter_src003,train,0261604,src_003_C027,src_003_C027,raw/images/src_003_20260901_164000.jpg,2026-09-14
src_003_20260901_164400,meter_src003,train,0261606,src_003_C027,src_003_C027,raw/images/src_003_20260901_164400.jpg,2026-09-14
src_003_20260901_164800,meter_src003,train,0261608,src_003_C027,src_003_C027,raw/images/src_003_20260901_164800.jpg,2026-09-14
src_003_20260901_165200,meter_src003,train,0261610,src_003_C027,src_003_C027,raw/images/src_003_20260901_165200.jpg,2026-09-14
src_003_20260901_165600,meter_src003,train,0261612,src_003_C027,src_003_C027,raw/images/src_003_20260901_165600.jpg,2026-09-14
src_003_20260901_170000,meter_src003,train,0261614,src_003_C027,src_003_C027,raw/images/src_003_20260901_170000.jpg,2026-09-14
src_003_20260901_170800,meter_src003,train,0261618,src_003_C027,src_003_C027,raw/images/src_003_20260901_170800.jpg,2026-09-14
src_003_20260901_171200,meter_src003,train,0261620,src_003_C027,src_003_C027,raw/images/src_003_20260901_171200.jpg,2026-09-14
src_003_20260901_171600,meter_src003,train,0261622,src_003_C027,src_003_C027,raw/images/src_003_20260901_171600.jpg,2026-09-14
src_003_20260901_172000,meter_src003,train,0261625,src_003_C027,src_003_C027,raw/images/src_003_20260901_172000.jpg,2026-09-14
src_003_20260901_172400,meter_src003,train,0261627,src_003_C027,src_003_C027,raw/images/src_003_20260901_172400.jpg,2026-09-14
src_003_20260901_173200,meter_src003,train,0261631,src_003_C027,src_003_C027,raw/images/src_003_20260901_173200.jpg,2026-09-14
src_003_20260901_173600,meter_src003,train,0261633,src_003_C027,src_003_C027,raw/images/src_003_20260901_173600.jpg,2026-09-14
src_003_20260901_174000,meter_src003,train,0261635,src_003_C027,src_003_C027,raw/images/src_003_20260901_174000.jpg,2026-09-14
src_003_20260901_174400,meter_src003,train,0261637,src_003_C027,src_003_C027,raw/images/src_003_20260901_174400.jpg,2026-09-14
src_003_20260901_174800,meter_src003,train,0261639,src_003_C027,src_003_C027,raw/images/src_003_20260901_174800.jpg,2026-09-14
src_003_20260901_175200,meter_src003,train,0261641,src_003_C027,src_003_C027,raw/images/src_003_20260901_175200.jpg,2026-09-14
src_003_20260901_180000,meter_src003,train,0261645,src_003_C027,src_003_C027,raw/images/src_003_20260901_180000.jpg,2026-09-14
src_003_20260901_180400,meter_src003,train,0261647,src_003_C027,src_003_C027,raw/images/src_003_20260901_180400.jpg,2026-09-14
src_003_20260901_180800,meter_src003,train,0261649,src_003_C027,src_003_C027,raw/images/src_003_20260901_180800.jpg,2026-09-14
src_003_20260901_181200,meter_src003,train,0261651,src_003_C027,src_003_C027,raw/images/src_003_20260901_181200.jpg,2026-09-14
src_003_20260901_181600,meter_src003,train,0261653,src_003_C027,src_003_C027,raw/images/src_003_20260901_181600.jpg,2026-09-14
src_003_20260901_182400,meter_src003,train,0261657,src_003_C027,src_003_C027,raw/images/src_003_20260901_182400.jpg,2026-09-14
src_003_20260901_182800,meter_src003,train,0261659,src_003_C027,src_003_C027,raw/images/src_003_20260901_182800.jpg,2026-09-14
src_003_20260901_183200,meter_src003,train,0261660,src_003_C027,src_003_C027,raw/images/src_003_20260901_183200.jpg,2026-09-14
src_003_20260901_183600,meter_src003,train,0261662,src_003_C027,src_003_C027,raw/images/src_003_20260901_183600.jpg,2026-09-14
src_003_20260901_184000,meter_src003,train,0261664,src_003_C028,src_003_C028,raw/images/src_003_20260901_184000.jpg,2026-09-14
src_003_20260901_184400,meter_src003,train,0261665,src_003_C028,src_003_C028,raw/images/src_003_20260901_184400.jpg,2026-09-14
src_003_20260901_184800,meter_src003,train,0261667,src_003_C028,src_003_C028,raw/images/src_003_20260901_184800.jpg,2026-09-14
src_003_20260901_185200,meter_src003,train,0261669,src_003_C028,src_003_C028,raw/images/src_003_20260901_185200.jpg,2026-09-14
src_003_20260901_185600,meter_src003,train,0261670,src_003_C028,src_003_C028,raw/images/src_003_20260901_185600.jpg,2026-09-14
src_003_20260901_190000,meter_src003,train,0261672,src_003_C028,src_003_C028,raw/images/src_003_20260901_190000.jpg,2026-09-14
src_003_20260901_190400,meter_src003,train,0261673,src_003_C028,src_003_C028,raw/images/src_003_20260901_190400.jpg,2026-09-14
src_003_20260901_190800,meter_src003,train,0261675,src_003_C028,src_003_C028,raw/images/src_003_20260901_190800.jpg,2026-09-14
src_003_20260901_191200,meter_src003,train,0261677,src_003_C028,src_003_C028,raw/images/src_003_20260901_191200.jpg,2026-09-14
src_003_20260901_191600,meter_src003,train,0261678,src_003_C028,src_003_C028,raw/images/src_003_20260901_191600.jpg,2026-09-14
src_003_20260901_192000,meter_src003,train,0261680,src_003_C028,src_003_C028,raw/images/src_003_20260901_192000.jpg,2026-09-14
src_003_20260901_192400,meter_src003,train,0261682,src_003_C028,src_003_C028,raw/images/src_003_20260901_192400.jpg,2026-09-14
src_003_20260901_192800,meter_src003,test,0261683,src_003_C029,src_003_C029,raw/images/src_003_20260901_192800.jpg,2026-09-14
src_003_20260902_082400,meter_src003,train,0261703,src_003_C030,src_003_C030,raw/images/src_003_20260902_082400.jpg,2026-09-14
src_003_20260902_082800,meter_src003,train,0261704,src_003_C030,src_003_C030,raw/images/src_003_20260902_082800.jpg,2026-09-14
src_003_20260902_083200,meter_src003,train,0261707,src_003_C030,src_003_C030,raw/images/src_003_20260902_083200.jpg,2026-09-14
src_003_20260902_083600,meter_src003,train,0261710,src_003_C030,src_003_C030,raw/images/src_003_20260902_083600.jpg,2026-09-14
src_003_20260902_084400,meter_src003,train,0261715,src_003_C030,src_003_C030,raw/images/src_003_20260902_084400.jpg,2026-09-14
src_003_20260902_084800,meter_src003,train,0261717,src_003_C030,src_003_C030,raw/images/src_003_20260902_084800.jpg,2026-09-14
src_003_20260902_085200,meter_src003,train,0261719,src_003_C030,src_003_C030,raw/images/src_003_20260902_085200.jpg,2026-09-14
src_003_20260902_090000,meter_src003,train,0261724,src_003_C030,src_003_C030,raw/images/src_003_20260902_090000.jpg,2026-09-14
src_003_20260902_090400,meter_src003,train,0261726,src_003_C030,src_003_C030,raw/images/src_003_20260902_090400.jpg,2026-09-14
src_003_20260902_091200,meter_src003,train,0261730,src_003_C030,src_003_C030,raw/images/src_003_20260902_091200.jpg,2026-09-14
src_003_20260902_091600,meter_src003,train,0261732,src_003_C030,src_003_C030,raw/images/src_003_20260902_091600.jpg,2026-09-14
src_003_20260902_092000,meter_src003,train,0261734,src_003_C030,src_003_C030,raw/images/src_003_20260902_092000.jpg,2026-09-14
src_003_20260902_092800,meter_src003,train,0261738,src_003_C030,src_003_C030,raw/images/src_003_20260902_092800.jpg,2026-09-14
src_003_20260902_093200,meter_src003,train,0261740,src_003_C030,src_003_C030,raw/images/src_003_20260902_093200.jpg,2026-09-14
src_003_20260902_093600,meter_src003,train,0261742,src_003_C030,src_003_C030,raw/images/src_003_20260902_093600.jpg,2026-09-14
src_003_20260902_094400,meter_src003,train,0261746,src_003_C030,src_003_C030,raw/images/src_003_20260902_094400.jpg,2026-09-14
src_003_20260902_094800,meter_src003,train,0261747,src_003_C030,src_003_C030,raw/images/src_003_20260902_094800.jpg,2026-09-14
src_003_20260902_095600,meter_src003,train,0261751,src_003_C030,src_003_C030,raw/images/src_003_20260902_095600.jpg,2026-09-14
src_003_20260902_100000,meter_src003,train,0261753,src_003_C030,src_003_C030,raw/images/src_003_20260902_100000.jpg,2026-09-14
src_003_20260902_100400,meter_src003,train,0261756,src_003_C030,src_003_C030,raw/images/src_003_20260902_100400.jpg,2026-09-14
src_003_20260902_101200,meter_src003,train,0261759,src_003_C030,src_003_C030,raw/images/src_003_20260902_101200.jpg,2026-09-14
src_003_20260902_101600,meter_src003,train,0261761,src_003_C030,src_003_C030,raw/images/src_003_20260902_101600.jpg,2026-09-14
src_003_20260902_102000,meter_src003,train,0261763,src_003_C030,src_003_C030,raw/images/src_003_20260902_102000.jpg,2026-09-14
src_003_20260902_102800,meter_src003,train,0261767,src_003_C030,src_003_C030,raw/images/src_003_20260902_102800.jpg,2026-09-14
src_003_20260902_103200,meter_src003,train,0261769,src_003_C030,src_003_C030,raw/images/src_003_20260902_103200.jpg,2026-09-14
src_003_20260902_103600,meter_src003,train,0261770,src_003_C030,src_003_C030,raw/images/src_003_20260902_103600.jpg,2026-09-14
src_003_20260902_104400,meter_src003,train,0261774,src_003_C030,src_003_C030,raw/images/src_003_20260902_104400.jpg,2026-09-14
src_003_20260902_104800,meter_src003,train,0261775,src_003_C030,src_003_C030,raw/images/src_003_20260902_104800.jpg,2026-09-14
src_003_20260902_105600,meter_src003,train,0261779,src_003_C030,src_003_C030,raw/images/src_003_20260902_105600.jpg,2026-09-14
src_003_20260902_110000,meter_src003,train,0261781,src_003_C030,src_003_C030,raw/images/src_003_20260902_110000.jpg,2026-09-14
src_003_20260902_110400,meter_src003,train,0261784,src_003_C030,src_003_C030,raw/images/src_003_20260902_110400.jpg,2026-09-14
src_003_20260902_111200,meter_src003,train,0261787,src_003_C030,src_003_C030,raw/images/src_003_20260902_111200.jpg,2026-09-14
src_003_20260902_111600,meter_src003,train,0261789,src_003_C030,src_003_C030,raw/images/src_003_20260902_111600.jpg,2026-09-14
src_003_20260902_112000,meter_src003,train,0261791,src_003_C030,src_003_C030,raw/images/src_003_20260902_112000.jpg,2026-09-14
src_003_20260902_112400,meter_src003,train,0261793,src_003_C030,src_003_C030,raw/images/src_003_20260902_112400.jpg,2026-09-14
src_003_20260902_112800,meter_src003,train,0261795,src_003_C031,src_003_C031,raw/images/src_003_20260902_112800.jpg,2026-09-14
src_003_20260902_113200,meter_src003,test,0261797,src_003_C032,src_003_C032,raw/images/src_003_20260902_113200.jpg,2026-09-14
src_003_20260902_113600,meter_src003,test,0261799,src_003_C032,src_003_C032,raw/images/src_003_20260902_113600.jpg,2026-09-14
src_003_20260902_114000,meter_src003,test,0261801,src_003_C032,src_003_C032,raw/images/src_003_20260902_114000.jpg,2026-09-14
src_003_20260902_114400,meter_src003,test,0261802,src_003_C032,src_003_C032,raw/images/src_003_20260902_114400.jpg,2026-09-14
src_003_20260902_114800,meter_src003,test,0261804,src_003_C032,src_003_C032,raw/images/src_003_20260902_114800.jpg,2026-09-14
src_003_20260902_115200,meter_src003,test,0261806,src_003_C032,src_003_C032,raw/images/src_003_20260902_115200.jpg,2026-09-14
src_003_20260902_115600,meter_src003,test,0261808,src_003_C032,src_003_C032,raw/images/src_003_20260902_115600.jpg,2026-09-14
src_003_20260902_120000,meter_src003,test,0261810,src_003_C032,src_003_C032,raw/images/src_003_20260902_120000.jpg,2026-09-14
src_003_20260902_120400,meter_src003,test,0261812,src_003_C032,src_003_C032,raw/images/src_003_20260902_120400.jpg,2026-09-14
src_003_20260902_120800,meter_src003,test,0261814,src_003_C032,src_003_C032,raw/images/src_003_20260902_120800.jpg,2026-09-14
src_003_20260902_121200,meter_src003,test,0261816,src_003_C032,src_003_C032,raw/images/src_003_20260902_121200.jpg,2026-09-14
src_003_20260902_121600,meter_src003,test,0261818,src_003_C032,src_003_C032,raw/images/src_003_20260902_121600.jpg,2026-09-14
src_003_20260902_122000,meter_src003,test,0261820,src_003_C032,src_003_C032,raw/images/src_003_20260902_122000.jpg,2026-09-14
src_003_20260902_122400,meter_src003,test,0261822,src_003_C032,src_003_C032,raw/images/src_003_20260902_122400.jpg,2026-09-14
src_003_20260902_122800,meter_src003,test,0261823,src_003_C032,src_003_C032,raw/images/src_003_20260902_122800.jpg,2026-09-14
src_003_20260902_123200,meter_src003,test,0261825,src_003_C032,src_003_C032,raw/images/src_003_20260902_123200.jpg,2026-09-14
src_003_20260902_123600,meter_src003,test,0261827,src_003_C032,src_003_C032,raw/images/src_003_20260902_123600.jpg,2026-09-14
src_003_20260902_124000,meter_src003,test,0261829,src_003_C032,src_003_C032,raw/images/src_003_20260902_124000.jpg,2026-09-14
src_003_20260902_124400,meter_src003,test,0261831,src_003_C032,src_003_C032,raw/images/src_003_20260902_124400.jpg,2026-09-14
src_003_20260902_124800,meter_src003,test,0261833,src_003_C032,src_003_C032,raw/images/src_003_20260902_124800.jpg,2026-09-14
src_003_20260902_125200,meter_src003,test,0261835,src_003_C032,src_003_C032,raw/images/src_003_20260902_125200.jpg,2026-09-14
src_003_20260902_125600,meter_src003,test,0261837,src_003_C032,src_003_C032,raw/images/src_003_20260902_125600.jpg,2026-09-14
src_003_20260902_130000,meter_src003,test,0261839,src_003_C032,src_003_C032,raw/images/src_003_20260902_130000.jpg,2026-09-14
src_003_20260902_130400,meter_src003,test,0261841,src_003_C032,src_003_C032,raw/images/src_003_20260902_130400.jpg,2026-09-14
src_003_20260902_130800,meter_src003,test,0261843,src_003_C032,src_003_C032,raw/images/src_003_20260902_130800.jpg,2026-09-14
src_003_20260902_131200,meter_src003,val,0261845,src_003_C033,src_003_C033,raw/images/src_003_20260902_131200.jpg,2026-09-14
src_003_20260902_131600,meter_src003,val,0261847,src_003_C033,src_003_C033,raw/images/src_003_20260902_131600.jpg,2026-09-14
src_003_20260902_132000,meter_src003,val,0261848,src_003_C033,src_003_C033,raw/images/src_003_20260902_132000.jpg,2026-09-14
src_003_20260902_132400,meter_src003,val,0261850,src_003_C033,src_003_C033,raw/images/src_003_20260902_132400.jpg,2026-09-14
src_003_20260902_132800,meter_src003,val,0261852,src_003_C033,src_003_C033,raw/images/src_003_20260902_132800.jpg,2026-09-14
src_003_20260902_133200,meter_src003,train,0261854,src_003_C034,src_003_C034,raw/images/src_003_20260902_133200.jpg,2026-09-14
src_003_20260902_133600,meter_src003,train,0261856,src_003_C034,src_003_C034,raw/images/src_003_20260902_133600.jpg,2026-09-14
src_003_20260902_134000,meter_src003,train,0261858,src_003_C034,src_003_C034,raw/images/src_003_20260902_134000.jpg,2026-09-14
src_003_20260902_134400,meter_src003,train,0261860,src_003_C034,src_003_C034,raw/images/src_003_20260902_134400.jpg,2026-09-14
src_003_20260902_134800,meter_src003,train,0261861,src_003_C034,src_003_C034,raw/images/src_003_20260902_134800.jpg,2026-09-14
src_003_20260902_135200,meter_src003,train,0261863,src_003_C034,src_003_C034,raw/images/src_003_20260902_135200.jpg,2026-09-14
src_003_20260902_135600,meter_src003,train,0261865,src_003_C034,src_003_C034,raw/images/src_003_20260902_135600.jpg,2026-09-14
src_003_20260902_140000,meter_src003,train,0261867,src_003_C034,src_003_C034,raw/images/src_003_20260902_140000.jpg,2026-09-14
src_003_20260902_140400,meter_src003,train,0261869,src_003_C034,src_003_C034,raw/images/src_003_20260902_140400.jpg,2026-09-14
src_003_20260902_140800,meter_src003,train,0261871,src_003_C034,src_003_C034,raw/images/src_003_20260902_140800.jpg,2026-09-14
src_003_20260902_141200,meter_src003,train,0261872,src_003_C034,src_003_C034,raw/images/src_003_20260902_141200.jpg,2026-09-14
src_003_20260902_141600,meter_src003,train,0261875,src_003_C034,src_003_C034,raw/images/src_003_20260902_141600.jpg,2026-09-14
src_003_20260902_142000,meter_src003,train,0261877,src_003_C034,src_003_C034,raw/images/src_003_20260902_142000.jpg,2026-09-14
src_003_20260902_150800,meter_src003,train,0261901,src_003_C034,src_003_C034,raw/images/src_003_20260902_150800.jpg,2026-09-14
src_003_20260902_151200,meter_src003,train,0261903,src_003_C034,src_003_C034,raw/images/src_003_20260902_151200.jpg,2026-09-14
src_003_20260902_151600,meter_src003,train,0261905,src_003_C034,src_003_C034,raw/images/src_003_20260902_151600.jpg,2026-09-14
src_003_20260902_152000,meter_src003,train,0261906,src_003_C034,src_003_C034,raw/images/src_003_20260902_152000.jpg,2026-09-14
src_003_20260902_152400,meter_src003,train,0261909,src_003_C034,src_003_C034,raw/images/src_003_20260902_152400.jpg,2026-09-14
src_003_20260902_152800,meter_src003,train,0261910,src_003_C034,src_003_C034,raw/images/src_003_20260902_152800.jpg,2026-09-14
src_003_20260902_153200,meter_src003,train,0261913,src_003_C034,src_003_C034,raw/images/src_003_20260902_153200.jpg,2026-09-14
src_003_20260902_153600,meter_src003,train,0261915,src_003_C034,src_003_C034,raw/images/src_003_20260902_153600.jpg,2026-09-14
src_003_20260902_154000,meter_src003,train,0261917,src_003_C034,src_003_C034,raw/images/src_003_20260902_154000.jpg,2026-09-14
src_003_20260902_154400,meter_src003,train,0261919,src_003_C034,src_003_C034,raw/images/src_003_20260902_154400.jpg,2026-09-14
src_003_20260902_154800,meter_src003,train,0261920,src_003_C035,src_003_C035,raw/images/src_003_20260902_154800.jpg,2026-09-14
src_003_20260902_155200,meter_src003,train,0261923,src_003_C035,src_003_C035,raw/images/src_003_20260902_155200.jpg,2026-09-14
src_003_20260902_155600,meter_src003,train,0261925,src_003_C035,src_003_C035,raw/images/src_003_20260902_155600.jpg,2026-09-14
src_003_20260902_160000,meter_src003,train,0261926,src_003_C035,src_003_C035,raw/images/src_003_20260902_160000.jpg,2026-09-14
src_003_20260902_160400,meter_src003,train,0261929,src_003_C035,src_003_C035,raw/images/src_003_20260902_160400.jpg,2026-09-14
src_003_20260902_160800,meter_src003,train,0261930,src_003_C035,src_003_C035,raw/images/src_003_20260902_160800.jpg,2026-09-14
src_003_20260902_161200,meter_src003,train,0261933,src_003_C035,src_003_C035,raw/images/src_003_20260902_161200.jpg,2026-09-14
src_003_20260902_161600,meter_src003,train,0261934,src_003_C035,src_003_C035,raw/images/src_003_20260902_161600.jpg,2026-09-14
src_003_20260902_162000,meter_src003,train,0261936,src_003_C035,src_003_C035,raw/images/src_003_20260902_162000.jpg,2026-09-14
src_003_20260902_162400,meter_src003,train,0261938,src_003_C035,src_003_C035,raw/images/src_003_20260902_162400.jpg,2026-09-14
src_003_20260902_162800,meter_src003,train,0261940,src_003_C035,src_003_C035,raw/images/src_003_20260902_162800.jpg,2026-09-14
src_003_20260902_163200,meter_src003,train,0261942,src_003_C035,src_003_C035,raw/images/src_003_20260902_163200.jpg,2026-09-14
src_003_20260902_163600,meter_src003,train,0261944,src_003_C035,src_003_C035,raw/images/src_003_20260902_163600.jpg,2026-09-14
src_003_20260902_164000,meter_src003,train,0261946,src_003_C035,src_003_C035,raw/images/src_003_20260902_164000.jpg,2026-09-14
src_003_20260902_164400,meter_src003,train,0261948,src_003_C035,src_003_C035,raw/images/src_003_20260902_164400.jpg,2026-09-14
src_003_20260902_164800,meter_src003,train,0261950,src_003_C035,src_003_C035,raw/images/src_003_20260902_164800.jpg,2026-09-14
src_003_20260902_165200,meter_src003,train,0261952,src_003_C035,src_003_C035,raw/images/src_003_20260902_165200.jpg,2026-09-14
src_003_20260902_165600,meter_src003,train,0261954,src_003_C035,src_003_C035,raw/images/src_003_20260902_165600.jpg,2026-09-14
src_003_20260902_170000,meter_src003,train,0261956,src_003_C035,src_003_C035,raw/images/src_003_20260902_170000.jpg,2026-09-14
src_003_20260902_170400,meter_src003,train,0261958,src_003_C035,src_003_C035,raw/images/src_003_20260902_170400.jpg,2026-09-14
src_003_20260902_170800,meter_src003,train,0261960,src_003_C035,src_003_C035,raw/images/src_003_20260902_170800.jpg,2026-09-14
src_003_20260902_171200,meter_src003,train,0261962,src_003_C035,src_003_C035,raw/images/src_003_20260902_171200.jpg,2026-09-14
src_003_20260902_171600,meter_src003,test,0261963,src_003_C036,src_003_C036,raw/images/src_003_20260902_171600.jpg,2026-09-14
src_003_20260902_172000,meter_src003,test,0261965,src_003_C036,src_003_C036,raw/images/src_003_20260902_172000.jpg,2026-09-14
src_003_20260902_172400,meter_src003,test,0261967,src_003_C036,src_003_C036,raw/images/src_003_20260902_172400.jpg,2026-09-14
src_003_20260902_172800,meter_src003,test,0261968,src_003_C036,src_003_C036,raw/images/src_003_20260902_172800.jpg,2026-09-14
src_003_20260902_173200,meter_src003,test,0261970,src_003_C036,src_003_C036,raw/images/src_003_20260902_173200.jpg,2026-09-14
src_003_20260902_173600,meter_src003,test,0261972,src_003_C036,src_003_C036,raw/images/src_003_20260902_173600.jpg,2026-09-14
src_003_20260902_174000,meter_src003,test,0261974,src_003_C036,src_003_C036,raw/images/src_003_20260902_174000.jpg,2026-09-14
src_003_20260902_174400,meter_src003,test,0261975,src_003_C036,src_003_C036,raw/images/src_003_20260902_174400.jpg,2026-09-14
src_003_20260902_174800,meter_src003,test,0261977,src_003_C036,src_003_C036,raw/images/src_003_20260902_174800.jpg,2026-09-14
src_003_20260902_175200,meter_src003,test,0261978,src_003_C036,src_003_C036,raw/images/src_003_20260902_175200.jpg,2026-09-14
src_003_20260902_175600,meter_src003,test,0261980,src_003_C036,src_003_C036,raw/images/src_003_20260902_175600.jpg,2026-09-14
src_003_20260902_180000,meter_src003,test,0261982,src_003_C036,src_003_C036,raw/images/src_003_20260902_180000.jpg,2026-09-14
src_003_20260902_180400,meter_src003,test,0261984,src_003_C036,src_003_C036,raw/images/src_003_20260902_180400.jpg,2026-09-14
src_003_20260902_180800,meter_src003,test,0261985,src_003_C036,src_003_C036,raw/images/src_003_20260902_180800.jpg,2026-09-14
src_003_20260902_181200,meter_src003,test,0261986,src_003_C036,src_003_C036,raw/images/src_003_20260902_181200.jpg,2026-09-14
src_003_20260902_181600,meter_src003,test,0261987,src_003_C036,src_003_C036,raw/images/src_003_20260902_181600.jpg,2026-09-14
src_003_20260902_182000,meter_src003,test,0261988,src_003_C036,src_003_C036,raw/images/src_003_20260902_182000.jpg,2026-09-14
src_003_20260902_182400,meter_src003,test,0261989,src_003_C036,src_003_C036,raw/images/src_003_20260902_182400.jpg,2026-09-14
src_003_20260902_182800,meter_src003,test,0261990,src_003_C036,src_003_C036,raw/images/src_003_20260902_182800.jpg,2026-09-14
src_003_20260902_183200,meter_src003,val,0261992,src_003_C037,src_003_C037,raw/images/src_003_20260902_183200.jpg,2026-09-14
src_003_20260902_183600,meter_src003,val,0261994,src_003_C038,src_003_C038,raw/images/src_003_20260902_183600.jpg,2026-09-14
src_003_20260902_184000,meter_src003,val,0261997,src_003_C038,src_003_C038,raw/images/src_003_20260902_184000.jpg,2026-09-14
src_003_20260902_184400,meter_src003,val,0261998,src_003_C038,src_003_C038,raw/images/src_003_20260902_184400.jpg,2026-09-14
src_003_20260902_184800,meter_src003,val,0261999,src_003_C038,src_003_C038,raw/images/src_003_20260902_184800.jpg,2026-09-14
src_003_20260902_185200,meter_src003,val,0262000,src_003_C038,src_003_C038,raw/images/src_003_20260902_185200.jpg,2026-09-14
src_003_20260902_185600,meter_src003,val,0262001,src_003_C038,src_003_C038,raw/images/src_003_20260902_185600.jpg,2026-09-14
src_003_20260902_190000,meter_src003,val,0262002,src_003_C038,src_003_C038,raw/images/src_003_20260902_190000.jpg,2026-09-14
src_003_20260902_190400,meter_src003,val,0262003,src_003_C038,src_003_C038,raw/images/src_003_20260902_190400.jpg,2026-09-14
src_003_20260902_190800,meter_src003,val,0262005,src_003_C038,src_003_C038,raw/images/src_003_20260902_190800.jpg,2026-09-14
src_003_20260902_191200,meter_src003,val,0262007,src_003_C038,src_003_C038,raw/images/src_003_20260902_191200.jpg,2026-09-14
src_003_20260902_191600,meter_src003,val,0262009,src_003_C038,src_003_C038,raw/images/src_003_20260902_191600.jpg,2026-09-14
src_003_20260902_192000,meter_src003,val,0262010,src_003_C038,src_003_C038,raw/images/src_003_20260902_192000.jpg,2026-09-14
src_003_20260902_192400,meter_src003,train,0262011,src_003_C039,src_003_C039,raw/images/src_003_20260902_192400.jpg,2026-09-14
src_003_20260902_192800,meter_src003,train,0262011,src_003_C040,src_003_C039,raw/images/src_003_20260902_192800.jpg,2026-09-14
src_003_20260902_193200,meter_src003,train,0262011,src_003_C040,src_003_C039,raw/images/src_003_20260902_193200.jpg,2026-09-14
src_003_20260902_193600,meter_src003,train,0262011,src_003_C040,src_003_C039,raw/images/src_003_20260902_193600.jpg,2026-09-14
src_003_20260902_204800,meter_src003,train,0262011,src_003_C040,src_003_C039,raw/images/src_003_20260902_204800.jpg,2026-09-14
src_003_20260902_214800,meter_src003,train,0262011,src_003_C040,src_003_C039,raw/images/src_003_20260902_214800.jpg,2026-09-14
src_003_20260902_220800,meter_src003,train,0262011,src_003_C040,src_003_C039,raw/images/src_003_20260902_220800.jpg,2026-09-14
src_003_20260902_232400,meter_src003,train,0262011,src_003_C040,src_003_C039,raw/images/src_003_20260902_232400.jpg,2026-09-14
src_003_20260903_000000,meter_src003,train,0262011,src_003_C040,src_003_C039,raw/images/src_003_20260903_000000.jpg,2026-09-14
src_003_20260903_004400,meter_src003,train,0262011,src_003_C040,src_003_C039,raw/images/src_003_20260903_004400.jpg,2026-09-14
src_003_20260903_020000,meter_src003,train,0262011,src_003_C040,src_003_C039,raw/images/src_003_20260903_020000.jpg,2026-09-14
src_003_20260903_021600,meter_src003,train,0262011,src_003_C040,src_003_C039,raw/images/src_003_20260903_021600.jpg,2026-09-14
src_003_20260903_032000,meter_src003,train,0262011,src_003_C040,src_003_C039,raw/images/src_003_20260903_032000.jpg,2026-09-14
src_003_20260903_042800,meter_src003,train,0262011,src_003_C040,src_003_C039,raw/images/src_003_20260903_042800.jpg,2026-09-14
src_003_20260903_043600,meter_src003,train,0262011,src_003_C040,src_003_C039,raw/images/src_003_20260903_043600.jpg,2026-09-14
src_003_20260903_055200,meter_src003,train,0262011,src_003_C040,src_003_C039,raw/images/src_003_20260903_055200.jpg,2026-09-14
src_003_20260903_064400,meter_src003,train,0262011,src_003_C040,src_003_C039,raw/images/src_003_20260903_064400.jpg,2026-09-14
src_003_20260903_071200,meter_src003,train,0262011,src_003_C040,src_003_C039,raw/images/src_003_20260903_071200.jpg,2026-09-14
src_003_20260903_082800,meter_src003,train,0262016,src_003_C040,src_003_C039,raw/images/src_003_20260903_082800.jpg,2026-09-14
src_003_20260903_085600,meter_src003,train,0262031,src_003_C040,src_003_C039,raw/images/src_003_20260903_085600.jpg,2026-09-14
src_003_20260903_094800,meter_src003,train,0262052,src_003_C040,src_003_C039,raw/images/src_003_20260903_094800.jpg,2026-09-14
src_003_20260903_110400,meter_src003,train,0262078,src_003_C040,src_003_C039,raw/images/src_003_20260903_110400.jpg,2026-09-14
src_003_20260903_111200,meter_src003,train,0262081,src_003_C040,src_003_C039,raw/images/src_003_20260903_111200.jpg,2026-09-14
src_003_20260903_122000,meter_src003,train,0262107,src_003_C040,src_003_C039,raw/images/src_003_20260903_122000.jpg,2026-09-14
src_003_20260903_132400,meter_src003,train,0262129,src_003_C040,src_003_C039,raw/images/src_003_20260903_132400.jpg,2026-09-14
src_003_20260903_134000,meter_src003,train,0262133,src_003_C040,src_003_C039,raw/images/src_003_20260903_134000.jpg,2026-09-14
src_003_20260903_145600,meter_src003,train,0262161,src_003_C040,src_003_C039,raw/images/src_003_20260903_145600.jpg,2026-09-14
src_003_20260903_154000,meter_src003,train,0262177,src_003_C040,src_003_C039,raw/images/src_003_20260903_154000.jpg,2026-09-14
src_003_20260903_161600,meter_src003,train,0262187,src_003_C040,src_003_C039,raw/images/src_003_20260903_161600.jpg,2026-09-14
src_003_20260903_173200,meter_src003,train,0262214,src_003_C040,src_003_C039,raw/images/src_003_20260903_173200.jpg,2026-09-14
src_003_20260903_175200,meter_src003,train,0262221,src_003_C040,src_003_C039,raw/images/src_003_20260903_175200.jpg,2026-09-14
src_003_20260903_185200,meter_src003,train,0262242,src_003_C040,src_003_C039,raw/images/src_003_20260903_185200.jpg,2026-09-14
src_003_20260903_200400,meter_src003,train,0262253,src_003_C040,src_003_C039,raw/images/src_003_20260903_200400.jpg,2026-09-14
src_003_20260903_200800,meter_src003,train,0262253,src_003_C040,src_003_C039,raw/images/src_003_20260903_200800.jpg,2026-09-14
src_003_20260903_201200,meter_src003,train,0262254,src_003_C040,src_003_C039,raw/images/src_003_20260903_201200.jpg,2026-09-14
src_003_20260903_201600,meter_src003,train,0262254,src_003_C041,src_003_C039,raw/images/src_003_20260903_201600.jpg,2026-09-14
src_003_20260903_202000,meter_src003,train,0262455,src_003_C042,src_003_C039,raw/images/src_003_20260903_202000.jpg,2026-09-14
src_003_20260903_202400,meter_src003,train,0262254,src_003_C042,src_003_C039,raw/images/src_003_20260903_202400.jpg,2026-09-14
src_003_20260903_202800,meter_src003,train,0262254,src_003_C042,src_003_C039,raw/images/src_003_20260903_202800.jpg,2026-09-14
src_003_20260903_213600,meter_src003,train,0262254,src_003_C042,src_003_C039,raw/images/src_003_20260903_213600.jpg,2026-09-14
src_003_20260903_222800,meter_src003,train,0262254,src_003_C042,src_003_C039,raw/images/src_003_20260903_222800.jpg,2026-09-14
src_003_20260903_224800,meter_src003,train,0262254,src_003_C042,src_003_C039,raw/images/src_003_20260903_224800.jpg,2026-09-14
src_003_20260904_000000,meter_src003,train,0262254,src_003_C042,src_003_C039,raw/images/src_003_20260904_000000.jpg,2026-09-14
src_003_20260904_003600,meter_src003,train,0262254,src_003_C042,src_003_C039,raw/images/src_003_20260904_003600.jpg,2026-09-14
src_003_20260904_011200,meter_src003,train,0262254,src_003_C042,src_003_C039,raw/images/src_003_20260904_011200.jpg,2026-09-14
src_003_20260904_022400,meter_src003,train,0262254,src_003_C042,src_003_C039,raw/images/src_003_20260904_022400.jpg,2026-09-14
src_003_20260904_024000,meter_src003,train,0262254,src_003_C042,src_003_C039,raw/images/src_003_20260904_024000.jpg,2026-09-14
src_003_20260904_033600,meter_src003,train,0262254,src_003_C042,src_003_C039,raw/images/src_003_20260904_033600.jpg,2026-09-14
src_003_20260904_044000,meter_src003,train,0262254,src_003_C042,src_003_C039,raw/images/src_003_20260904_044000.jpg,2026-09-14
src_003_20260904_044800,meter_src003,train,0262254,src_003_C042,src_003_C039,raw/images/src_003_20260904_044800.jpg,2026-09-14
src_003_20260904_060000,meter_src003,train,0262254,src_003_C042,src_003_C039,raw/images/src_003_20260904_060000.jpg,2026-09-14
src_003_20260904_064400,meter_src003,train,0262254,src_003_C042,src_003_C039,raw/images/src_003_20260904_064400.jpg,2026-09-14
src_003_20260904_071200,meter_src003,train,0262254,src_003_C042,src_003_C039,raw/images/src_003_20260904_071200.jpg,2026-09-14
src_003_20260904_082400,meter_src003,train,0262259,src_003_C042,src_003_C039,raw/images/src_003_20260904_082400.jpg,2026-09-14
src_003_20260904_085200,meter_src003,train,0262272,src_003_C042,src_003_C039,raw/images/src_003_20260904_085200.jpg,2026-09-14
src_003_20260904_093600,meter_src003,train,0262285,src_003_C042,src_003_C039,raw/images/src_003_20260904_093600.jpg,2026-09-14
src_003_20260904_104800,meter_src003,train,0262310,src_003_C042,src_003_C039,raw/images/src_003_20260904_104800.jpg,2026-09-14
src_003_20260904_105600,meter_src003,train,0262311,src_003_C042,src_003_C039,raw/images/src_003_20260904_105600.jpg,2026-09-14
src_003_20260904_120000,meter_src003,train,0262334,src_003_C042,src_003_C039,raw/images/src_003_20260904_120000.jpg,2026-09-14
src_003_20260904_125600,meter_src003,train,0262352,src_003_C042,src_003_C039,raw/images/src_003_20260904_125600.jpg,2026-09-14
src_003_20260904_131200,meter_src003,train,0262357,src_003_C042,src_003_C039,raw/images/src_003_20260904_131200.jpg,2026-09-14
src_003_20260904_142400,meter_src003,train,0262379,src_003_C042,src_003_C039,raw/images/src_003_20260904_142400.jpg,2026-09-14
src_003_20260904_150000,meter_src003,train,0262387,src_003_C042,src_003_C039,raw/images/src_003_20260904_150000.jpg,2026-09-14
src_003_20260904_153600,meter_src003,train,0262398,src_003_C042,src_003_C039,raw/images/src_003_20260904_153600.jpg,2026-09-14
src_003_20260904_164800,meter_src003,train,0262419,src_003_C042,src_003_C039,raw/images/src_003_20260904_164800.jpg,2026-09-14
src_003_20260904_170800,meter_src003,train,0262425,src_003_C042,src_003_C039,raw/images/src_003_20260904_170800.jpg,2026-09-14
src_003_20260904_180000,meter_src003,train,0262437,src_003_C042,src_003_C039,raw/images/src_003_20260904_180000.jpg,2026-09-14
src_003_20260904_190800,meter_src003,train,0262452,src_003_C042,src_003_C039,raw/images/src_003_20260904_190800.jpg,2026-09-14
src_003_20260904_191200,meter_src003,train,0262454,src_003_C042,src_003_C039,raw/images/src_003_20260904_191200.jpg,2026-09-14
src_003_20260904_191600,meter_src003,train,0262455,src_003_C042,src_003_C039,raw/images/src_003_20260904_191600.jpg,2026-09-14
src_003_20260904_192000,meter_src003,train,0262455,src_003_C043,src_003_C039,raw/images/src_003_20260904_192000.jpg,2026-09-14
src_003_20260904_192400,meter_src003,train,0262455,src_003_C044,src_003_C039,raw/images/src_003_20260904_192400.jpg,2026-09-14
src_003_20260904_192800,meter_src003,train,0262455,src_003_C044,src_003_C039,raw/images/src_003_20260904_192800.jpg,2026-09-14
src_003_20260904_193200,meter_src003,train,0262455,src_003_C044,src_003_C039,raw/images/src_003_20260904_193200.jpg,2026-09-14
src_003_20260904_223200,meter_src003,train,0262455,src_003_C044,src_003_C039,raw/images/src_003_20260904_223200.jpg,2026-09-14
src_003_20260905_004400,meter_src003,train,0262455,src_003_C044,src_003_C039,raw/images/src_003_20260905_004400.jpg,2026-09-14
src_003_20260905_013600,meter_src003,train,0262455,src_003_C044,src_003_C039,raw/images/src_003_20260905_013600.jpg,2026-09-14
src_003_20260905_044000,meter_src003,train,0262455,src_003_C044,src_003_C039,raw/images/src_003_20260905_044000.jpg,2026-09-14
src_003_20260905_060400,meter_src003,train,0262455,src_003_C044,src_003_C039,raw/images/src_003_20260905_060400.jpg,2026-09-14
src_003_20260905_074400,meter_src003,train,0262455,src_003_C044,src_003_C039,raw/images/src_003_20260905_074400.jpg,2026-09-14
src_003_20260905_104400,meter_src003,train,0262455,src_003_C044,src_003_C039,raw/images/src_003_20260905_104400.jpg,2026-09-14
src_003_20260905_112000,meter_src003,train,0262455,src_003_C044,src_003_C039,raw/images/src_003_20260905_112000.jpg,2026-09-14
src_003_20260905_134800,meter_src003,train,0262455,src_003_C044,src_003_C039,raw/images/src_003_20260905_134800.jpg,2026-09-14
src_003_20260905_163600,meter_src003,train,0262455,src_003_C044,src_003_C039,raw/images/src_003_20260905_163600.jpg,2026-09-14
src_003_20260905_165200,meter_src003,train,0262455,src_003_C044,src_003_C039,raw/images/src_003_20260905_165200.jpg,2026-09-14
src_003_20260905_195600,meter_src003,train,0262455,src_003_C044,src_003_C039,raw/images/src_003_20260905_195600.jpg,2026-09-14
src_003_20260905_215200,meter_src003,train,0262455,src_003_C044,src_003_C039,raw/images/src_003_20260905_215200.jpg,2026-09-14
src_003_20260905_230000,meter_src003,train,0262455,src_003_C044,src_003_C039,raw/images/src_003_20260905_230000.jpg,2026-09-14
src_003_20260906_020400,meter_src003,train,0262455,src_003_C044,src_003_C039,raw/images/src_003_20260906_020400.jpg,2026-09-14
src_003_20260906_031200,meter_src003,train,0262455,src_003_C044,src_003_C039,raw/images/src_003_20260906_031200.jpg,2026-09-14
src_003_20260906_050800,meter_src003,train,0262455,src_003_C044,src_003_C039,raw/images/src_003_20260906_050800.jpg,2026-09-14
src_003_20260906_081200,meter_src003,train,0262455,src_003_C044,src_003_C039,raw/images/src_003_20260906_081200.jpg,2026-09-14
src_003_20260906_082800,meter_src003,train,0262455,src_003_C044,src_003_C039,raw/images/src_003_20260906_082800.jpg,2026-09-14
src_003_20260906_111600,meter_src003,train,0262455,src_003_C044,src_003_C039,raw/images/src_003_20260906_111600.jpg,2026-09-14
src_003_20260906_134400,meter_src003,train,0262455,src_003_C044,src_003_C039,raw/images/src_003_20260906_134400.jpg,2026-09-14
src_003_20260906_142000,meter_src003,train,0262455,src_003_C044,src_003_C039,raw/images/src_003_20260906_142000.jpg,2026-09-14
src_003_20260906_172000,meter_src003,train,0262455,src_003_C044,src_003_C039,raw/images/src_003_20260906_172000.jpg,2026-09-14
src_003_20260906_190000,meter_src003,train,0262455,src_003_C044,src_003_C039,raw/images/src_003_20260906_190000.jpg,2026-09-14
src_003_20260906_202400,meter_src003,train,0262455,src_003_C044,src_003_C039,raw/images/src_003_20260906_202400.jpg,2026-09-14
src_003_20260906_232800,meter_src003,train,0262455,src_003_C044,src_003_C039,raw/images/src_003_20260906_232800.jpg,2026-09-14
src_003_20260907_002000,meter_src003,train,0262455,src_003_C044,src_003_C039,raw/images/src_003_20260907_002000.jpg,2026-09-14
src_003_20260907_023200,meter_src003,train,0262455,src_003_C044,src_003_C039,raw/images/src_003_20260907_023200.jpg,2026-09-14
src_003_20260907_053200,meter_src003,train,0262455,src_003_C044,src_003_C039,raw/images/src_003_20260907_053200.jpg,2026-09-14
src_003_20260907_053600,meter_src003,train,0262455,src_003_C044,src_003_C039,raw/images/src_003_20260907_053600.jpg,2026-09-14
src_003_20260907_054000,meter_src003,train,0262455,src_003_C044,src_003_C039,raw/images/src_003_20260907_054000.jpg,2026-09-14
src_003_20260907_054400,meter_src003,train,0262455,src_003_C045,src_003_C039,raw/images/src_003_20260907_054400.jpg,2026-09-14
src_003_20260907_054800,meter_src003,train,0262455,src_003_C046,src_003_C039,raw/images/src_003_20260907_054800.jpg,2026-09-14
src_003_20260907_055200,meter_src003,train,0262455,src_003_C047,src_003_C039,raw/images/src_003_20260907_055200.jpg,2026-09-14
src_003_20260907_055600,meter_src003,train,0262455,src_003_C048,src_003_C039,raw/images/src_003_20260907_055600.jpg,2026-09-14
src_003_20260907_060000,meter_src003,train,0262455,src_003_C049,src_003_C039,raw/images/src_003_20260907_060000.jpg,2026-09-14
src_003_20260907_060400,meter_src003,train,0262455,src_003_C049,src_003_C039,raw/images/src_003_20260907_060400.jpg,2026-09-14
src_003_20260907_060800,meter_src003,train,0262455,src_003_C049,src_003_C039,raw/images/src_003_20260907_060800.jpg,2026-09-14
src_003_20260907_061200,meter_src003,train,0262455,src_003_C049,src_003_C039,raw/images/src_003_20260907_061200.jpg,2026-09-14
src_003_20260907_061600,meter_src003,train,0262455,src_003_C049,src_003_C039,raw/images/src_003_20260907_061600.jpg,2026-09-14
src_003_20260907_062000,meter_src003,train,0262455,src_003_C050,src_003_C039,raw/images/src_003_20260907_062000.jpg,2026-09-14
src_003_20260907_062400,meter_src003,train,0262720,src_003_C051,src_003_C039,raw/images/src_003_20260907_062400.jpg,2026-09-14
src_003_20260907_062800,meter_src003,train,0262455,src_003_C051,src_003_C039,raw/images/src_003_20260907_062800.jpg,2026-09-14
src_003_20260907_063200,meter_src003,train,0262455,src_003_C051,src_003_C039,raw/images/src_003_20260907_063200.jpg,2026-09-14
src_003_20260907_070800,meter_src003,train,0262455,src_003_C051,src_003_C039,raw/images/src_003_20260907_070800.jpg,2026-09-14
src_003_20260907_074000,meter_src003,train,0262455,src_003_C051,src_003_C039,raw/images/src_003_20260907_074000.jpg,2026-09-14
src_003_20260907_074400,meter_src003,train,0262455,src_003_C051,src_003_C039,raw/images/src_003_20260907_074400.jpg,2026-09-14
src_003_20260907_082400,meter_src003,train,0262460,src_003_C051,src_003_C039,raw/images/src_003_20260907_082400.jpg,2026-09-14
src_003_20260907_085600,meter_src003,train,0262480,src_003_C051,src_003_C039,raw/images/src_003_20260907_085600.jpg,2026-09-14
src_003_20260907_090400,meter_src003,train,0262484,src_003_C051,src_003_C039,raw/images/src_003_20260907_090400.jpg,2026-09-14
src_003_20260907_094000,meter_src003,train,0262495,src_003_C051,src_003_C039,raw/images/src_003_20260907_094000.jpg,2026-09-14
src_003_20260907_100800,meter_src003,train,0262507,src_003_C051,src_003_C039,raw/images/src_003_20260907_100800.jpg,2026-09-14
src_003_20260907_102000,meter_src003,train,0262510,src_003_C051,src_003_C039,raw/images/src_003_20260907_102000.jpg,2026-09-14
src_003_20260907_110000,meter_src003,train,0262528,src_003_C051,src_003_C039,raw/images/src_003_20260907_110000.jpg,2026-09-14
src_003_20260907_112400,meter_src003,train,0262537,src_003_C051,src_003_C039,raw/images/src_003_20260907_112400.jpg,2026-09-14
src_003_20260907_113600,meter_src003,train,0262539,src_003_C051,src_003_C039,raw/images/src_003_20260907_113600.jpg,2026-09-14
src_003_20260907_121600,meter_src003,train,0262558,src_003_C051,src_003_C039,raw/images/src_003_20260907_121600.jpg,2026-09-14
src_003_20260907_123600,meter_src003,train,0262566,src_003_C051,src_003_C039,raw/images/src_003_20260907_123600.jpg,2026-09-14
src_003_20260907_125600,meter_src003,train,0262574,src_003_C051,src_003_C039,raw/images/src_003_20260907_125600.jpg,2026-09-14
src_003_20260907_133600,meter_src003,train,0262591,src_003_C051,src_003_C039,raw/images/src_003_20260907_133600.jpg,2026-09-14
src_003_20260907_134800,meter_src003,train,0262596,src_003_C051,src_003_C039,raw/images/src_003_20260907_134800.jpg,2026-09-14
src_003_20260907_141200,meter_src003,train,0262606,src_003_C051,src_003_C039,raw/images/src_003_20260907_141200.jpg,2026-09-14
src_003_20260907_145200,meter_src003,train,0262623,src_003_C051,src_003_C039,raw/images/src_003_20260907_145200.jpg,2026-09-14
src_003_20260907_150400,meter_src003,train,0262628,src_003_C051,src_003_C039,raw/images/src_003_20260907_150400.jpg,2026-09-14
src_003_20260907_153200,meter_src003,train,0262640,src_003_C051,src_003_C039,raw/images/src_003_20260907_153200.jpg,2026-09-14
src_003_20260907_160800,meter_src003,train,0262655,src_003_C051,src_003_C039,raw/images/src_003_20260907_160800.jpg,2026-09-14
src_003_20260907_161600,meter_src003,train,0262659,src_003_C051,src_003_C039,raw/images/src_003_20260907_161600.jpg,2026-09-14
src_003_20260907_164800,meter_src003,train,0262672,src_003_C051,src_003_C039,raw/images/src_003_20260907_164800.jpg,2026-09-14
src_003_20260907_172800,meter_src003,train,0262688,src_003_C051,src_003_C039,raw/images/src_003_20260907_172800.jpg,2026-09-14
src_003_20260907_173200,meter_src003,train,0262690,src_003_C051,src_003_C039,raw/images/src_003_20260907_173200.jpg,2026-09-14
src_003_20260907_180400,meter_src003,train,0262703,src_003_C051,src_003_C039,raw/images/src_003_20260907_180400.jpg,2026-09-14
src_003_20260907_184000,meter_src003,train,0262717,src_003_C051,src_003_C039,raw/images/src_003_20260907_184000.jpg,2026-09-14
src_003_20260907_184400,meter_src003,train,0262719,src_003_C051,src_003_C039,raw/images/src_003_20260907_184400.jpg,2026-09-14
src_003_20260907_184800,meter_src003,train,0262722,src_003_C051,src_003_C039,raw/images/src_003_20260907_184800.jpg,2026-09-14
src_003_20260907_185200,meter_src003,test,0262723,src_003_C052,src_003_C052,raw/images/src_003_20260907_185200.jpg,2026-09-14
src_003_20260907_185600,meter_src003,train,0262775,src_003_C053,src_003_C053,raw/images/src_003_20260907_185600.jpg,2026-09-14
src_003_20260907_190000,meter_src003,train,0262725,src_003_C053,src_003_C053,raw/images/src_003_20260907_190000.jpg,2026-09-14
src_003_20260907_190400,meter_src003,train,0262727,src_003_C053,src_003_C053,raw/images/src_003_20260907_190400.jpg,2026-09-14
src_003_20260907_194800,meter_src003,train,0262731,src_003_C053,src_003_C053,raw/images/src_003_20260907_194800.jpg,2026-09-14
src_003_20260907_202800,meter_src003,train,0262731,src_003_C053,src_003_C053,raw/images/src_003_20260907_202800.jpg,2026-09-14
src_003_20260907_203200,meter_src003,train,0262731,src_003_C053,src_003_C053,raw/images/src_003_20260907_203200.jpg,2026-09-14
src_003_20260907_212000,meter_src003,train,0262731,src_003_C053,src_003_C053,raw/images/src_003_20260907_212000.jpg,2026-09-14
src_003_20260907_215600,meter_src003,train,0262731,src_003_C053,src_003_C053,raw/images/src_003_20260907_215600.jpg,2026-09-14
src_003_20260907_220400,meter_src003,train,0262731,src_003_C053,src_003_C053,raw/images/src_003_20260907_220400.jpg,2026-09-14
src_003_20260907_225200,meter_src003,train,0262731,src_003_C053,src_003_C053,raw/images/src_003_20260907_225200.jpg,2026-09-14
src_003_20260907_232400,meter_src003,train,0262731,src_003_C053,src_003_C053,raw/images/src_003_20260907_232400.jpg,2026-09-14
src_003_20260907_233600,meter_src003,train,0262731,src_003_C053,src_003_C053,raw/images/src_003_20260907_233600.jpg,2026-09-14
src_003_20260908_002400,meter_src003,train,0262731,src_003_C053,src_003_C053,raw/images/src_003_20260908_002400.jpg,2026-09-14
src_003_20260908_005200,meter_src003,train,0262731,src_003_C053,src_003_C053,raw/images/src_003_20260908_005200.jpg,2026-09-14
src_003_20260908_011200,meter_src003,train,0262731,src_003_C053,src_003_C053,raw/images/src_003_20260908_011200.jpg,2026-09-14
src_003_20260908_015600,meter_src003,train,0262731,src_003_C053,src_003_C053,raw/images/src_003_20260908_015600.jpg,2026-09-14
src_003_20260908_022000,meter_src003,train,0262731,src_003_C053,src_003_C053,raw/images/src_003_20260908_022000.jpg,2026-09-14
src_003_20260908_024400,meter_src003,train,0262731,src_003_C053,src_003_C053,raw/images/src_003_20260908_024400.jpg,2026-09-14
src_003_20260908_032800,meter_src003,train,0262731,src_003_C053,src_003_C053,raw/images/src_003_20260908_032800.jpg,2026-09-14
src_003_20260908_034800,meter_src003,train,0262731,src_003_C053,src_003_C053,raw/images/src_003_20260908_034800.jpg,2026-09-14
src_003_20260908_041600,meter_src003,train,0262731,src_003_C053,src_003_C053,raw/images/src_003_20260908_041600.jpg,2026-09-14
src_003_20260908_050400,meter_src003,train,0262731,src_003_C053,src_003_C053,raw/images/src_003_20260908_050400.jpg,2026-09-14
src_003_20260908_051600,meter_src003,train,0262731,src_003_C053,src_003_C053,raw/images/src_003_20260908_051600.jpg,2026-09-14
src_003_20260908_054800,meter_src003,train,0262731,src_003_C053,src_003_C053,raw/images/src_003_20260908_054800.jpg,2026-09-14
src_003_20260908_063600,meter_src003,train,0262731,src_003_C053,src_003_C053,raw/images/src_003_20260908_063600.jpg,2026-09-14
src_003_20260908_064400,meter_src003,train,0262731,src_003_C053,src_003_C053,raw/images/src_003_20260908_064400.jpg,2026-09-14
src_003_20260908_072000,meter_src003,train,0262731,src_003_C053,src_003_C053,raw/images/src_003_20260908_072000.jpg,2026-09-14
src_003_20260908_080800,meter_src003,train,0262731,src_003_C053,src_003_C053,raw/images/src_003_20260908_080800.jpg,2026-09-14
src_003_20260908_081200,meter_src003,train,0262732,src_003_C053,src_003_C053,raw/images/src_003_20260908_081200.jpg,2026-09-14
src_003_20260908_085200,meter_src003,train,0262752,src_003_C053,src_003_C053,raw/images/src_003_20260908_085200.jpg,2026-09-14
src_003_20260908_093600,meter_src003,train,0262771,src_003_C053,src_003_C053,raw/images/src_003_20260908_093600.jpg,2026-09-14
src_003_20260908_094000,meter_src003,train,0262773,src_003_C053,src_003_C053,raw/images/src_003_20260908_094000.jpg,2026-09-14
src_003_20260908_094400,meter_src003,train,0262775,src_003_C053,src_003_C053,raw/images/src_003_20260908_094400.jpg,2026-09-14
src_003_v3_20260819_131500,meter_src003,train,0258150,src_003_v3_C000,src_003_v3_C000,raw/images/src_003_v3_20260819_131500.jpg,2026-09-14
src_003_v3_20260819_132000,meter_src003,train,0258153,src_003_v3_C000,src_003_v3_C000,raw/images/src_003_v3_20260819_132000.jpg,2026-09-14
src_003_v3_20260819_132500,meter_src003,train,0258155,src_003_v3_C000,src_003_v3_C000,raw/images/src_003_v3_20260819_132500.jpg,2026-09-14
src_003_v3_20260819_133000,meter_src003,train,0258158,src_003_v3_C000,src_003_v3_C000,raw/images/src_003_v3_20260819_133000.jpg,2026-09-14
